{
    "color_intrinsics": {
        "fx": 1385.3656005859375,
        "fy": 1386.423095703125,
        "ppx": 959.9992065429688,
        "ppy": 535.1730346679688,
        "width": 1920,
        "height": 1080
    },
    "depth_intrinsics": {
        "fx": 650.8218383789062,
        "fy": 650.8218383789062,
        "ppx": 641.2266845703125,
        "ppy": 354.4445495605469,
        "width": 1280,
        "height": 720
    },
    "depth_scale": 0.0010000000474974513
}